"sample_id","class"
"TP_2077_Tumor","Normal"
"TP_2078_Tumor","Normal"
"SC_9137_Tumor","Normal"
"SC_9139_Tumor","Normal"
"SC_9140_Tumor","Normal"
"MO_1469_T","Tumor"
"TP_2081_T","Normal"
"SC_9145_Tumor","Normal"
"SC_9148_Tumor","Normal"
"SC_9153_Tumor","Normal"
"TP_2093_T","Normal"
"TP_2096_T","Normal"
"SC_9156_Tumor","Normal"
"SC_9163_Tumor","Normal"
"SC_9165_Tumor","Normal"
"SC_9175_T","Normal"
"MO_1492_T","Normal"
"MO_1510_T","Normal"
"MO_1511_T","Normal"
"MO_1514_T","Normal"
"SC_9176_T","Normal"
"SC_9178_T","Normal"
"SC_9146_T","Normal"
"SC_9181_T","Normal"
"SC_9183_T","Normal"
"MO_1482_T","Tumor"
"SC_9184_T","Normal"
"SC_9186_T","Normal"
"SC_9187_T","Normal"
"SC_9189_T","Normal"
"SC_9190_T","Normal"
"SC_9194_T","Normal"
"SC_9069_T","Normal"
"MO_1012-Tumor-Subcutaneous_nodule","Normal"
"MO_1013-Tumor","Normal"
"MO_1014-Tumor","Normal"
"MO_1020-Tumor","Normal"
"MO_1015-Tumor","Normal"
"MO_1040-Tumor","Normal"
"MO_1054-Tumor","Normal"
"MO_1071-Tumor","Normal"
"MO_1074-Tumor","Normal"
"MO_1094-Tumor","Normal"
"MO_1095-Tumor","Normal"
"TP_2001-Tumor","Normal"
"TP_2010-Tumor","Normal"
"TP_2009-Tumor","Normal"
"SC_9007-Tumor","Normal"
"SC_9012-Tumor","Normal"
"MO_1114-Tumor","Normal"
"MO_1118-TM","Tumor"
"MO_1128-Tumor","Normal"
"MO_1124-Tumor","Normal"
"SC_9016-Tumor","Normal"
"SC_9017-Tumor","Normal"
"SC_9019-Tumor","Normal"
"SC_9022-Tumor","Normal"
"SC_9023-Tumor","Normal"
"SC_9026-Tumor","Normal"
"SC_9028-Tumor","Normal"
"SC_9029-Tumor","Normal"
"TP_2032-Tumor","Normal"
"SC_9030-Tumor","Normal"
"MO_1161-TM","Normal"
"SC_9032-Tumor","Normal"
"SC_9034-Tumor","Normal"
"SC_9036-Tumor","Normal"
"SC_9037-Tumor","Normal"
"SC_9018-Tumor","Normal"
"SC_9043-Tumor","Normal"
"MO_1184-Tumor","Normal"
"SC_9046-Tumor","Normal"
"SC_9047-Tumor","Normal"
"SC_9049-Tumor","Normal"
"SC_9054-Tumor","Normal"
"MO_1176-Tumor","Normal"
"MO_1192-Tumor","Normal"
"SC_9050-Tumor","Normal"
"SC_9038-Tumor","Normal"
"SC_9055-Tumor","Normal"
"MO_1215-Tumor","Tumor"
"MO_1219-Tumor","Normal"
"MO_1232-Tumor","Normal"
"SC_9057-Tumor","Normal"
"SC_9058-Tumor","Normal"
"SC_9059-Tumor","Normal"
"SC_9060-Tumor","Normal"
"MO_1241-Tumor","Normal"
"MO_1244-Tumor","Normal"
"MO_1249-Tumor","Normal"
"MO_1262-Tumor","Normal"
"SC_9061-Tumor","Normal"
"SC_9062-Tumor","Normal"
"SC_9063-Tumor","Normal"
"MO_1202-Tumor","Normal"
"MO_1277-TM","Normal"
"SC_9016_T","Normal"
"SC_9068-Tumor","Normal"
"SC_9072-TM","Normal"
"SC_9073-TM","Normal"
"TP_2054-TM","Normal"
"MO_1316-TM","Normal"
"SC_9080-TM","Normal"
"SC_9081-TM","Normal"
"SC_9083-TM","Normal"
"SC_9031-TM","Normal"
"MO_1337-TM","Normal"
"MO_1339-TM","Normal"
"SC_9086-TM","Normal"
"SC_9091-TM","Normal"
"TP_2060-TM","Normal"
"TP_2061-TM","Normal"
"TP_2064-TM","Normal"
"SC_9092-TM","Normal"
"SC_9093-TM","Normal"
"SC_9097-TM","Normal"
"SC_9099-Tumor","Normal"
"SC_9100-Tumor","Normal"
"SC_9103-Tumor","Normal"
"SC_9104-Tumor","Normal"
"SC_9107-Tumor","Normal"
"SC_9109-Tumor","Normal"
"MO_1410-Tumor","Normal"
"SC_9105_Tumor","Normal"
"SC_9118_Tumor","Normal"
"MO_1420_Tumor","Normal"
"TP_2069_Tumor","Normal"
"SC_9123_Tumor","Normal"
"SC_9124_Tumor","Normal"
"SC_9126_Tumor","Tumor"
"SC_9129_Tumor","Normal"
"SC_9132_Tumor","Normal"
"MO_1447_Tumor","Normal"
"MO_1446_T","Normal"
"MO_1460_Tumor","Tumor"
"PROS10448-1115154-Tumor-SM-5EEBM","Normal"
"PROS10448-1115156-Tumor-SM-5EEBN","Normal"
"PROS10448-1115157-Tumor-SM-5EEBO","Normal"
"PROS01448-1115161-Tumor-SM-5SGU1","Normal"
"PROS01448-1115183-Tumor-SM-5SGU3","Normal"
"PROS01448-1115202-Tumor-SM-5SGU5","Normal"
"PROS01448-1115244-Tumor-SM-5SGU6","Normal"
"PRAD-01115362-Tumor-SM-7A15P","Normal"
"PRAD-01115444-Tumor-SM-6B2K9","Normal"
"PRAD-01115468-Tumor-SM-6B2KE","Normal"
"PROS10448-01115374-Tumor-SM-7LYLG","Normal"
"PRAD-01115525-Tumor-SM-A4KNC","Normal"
"PRAD-01115526-Tumor-SM-A4KND","Normal"
"PRAD-01115527-Tumor-SM-A4KNE","Normal"
"PRAD-01115531-Tumor-SM-A4KNG","Normal"
"PRAD-01115549-Tumor-SM-A4KNH","Normal"
"PRAD-01115550-Tumor-SM-A4KNI","Normal"
"PRAD-01115554-Tumor-SM-A56E4","Normal"
"PRAD-01115556-Tumor-SM-A56E5","Normal"
"PRAD-01115569-Tumor-SM-A56E6","Normal"
"PRAD-01115574-Tumor-SM-A56E7","Normal"
"PRAD-01115576-Tumor-SM-A56E8","Normal"
"PRAD-01115581-Tumor-SM-A56EB","Normal"
"PROS12319B-SU2C-06115114-Tumor-SM-4W2N9","Tumor"
"PROS12319B-SU2C-06115115-Tumor-SM-4W2NA","Normal"
"PROS12319B-SU2C-06115116-Tumor-SM-4W2NB","Tumor"
"PROS12319B-SU2C-06115117-Tumor-SM-4W2NC","Normal"
"PROS12319B-SU2C-06115118-Tumor-SM-4W2ND","Normal"
"PROS12319B-SU2C-06115121-Tumor-SM-4W2NG","Tumor"
"PROS12319B-SU2C-06115122-Tumor-SM-4W2NH","Normal"
"PROS12319B-SU2C-06115123-Tumor-SM-4W2NI","Normal"
"PRAD-06115124-Tumor-SM-7LGU1","Normal"
"PROS01448-6115219-Tumor-SM-67ERS","Normal"
"PROS01448-6115224-Tumor-SM-67ERT","Normal"
"PROS01448-6115227-Tumor-SM-67ERU","Normal"
"PROS01448-6115233-Tumor-SM-67ERW","Normal"
"PROS01448-6115234-Tumor-SM-67ERX","Normal"
"PROS01448-6115235-Tumor-SM-67ERY","Normal"
"PROS01448-6115237-Tumor-SM-67ERZ","Tumor"
"PROS01448-6115242-Tumor-SM-67ES1","Normal"
"PROS01448-6115247-Tumor-SM-67ES2","Normal"
"PROS01448-6115250-Tumor-SM-67ES5","Normal"
"PROS01448-6115251-Tumor-SM-67ES6","Normal"
"PRAD-6115381.0-Tumor-SM-7LGU3","Tumor"
"PRAD-6115382.0-Tumor-SM-7LGU5","Normal"
"PRAD-6115385.0-Tumor-SM-7LGU7","Normal"
"PRAD-6115388.0-Tumor-SM-7LGUA","Tumor"
"PRAD-6115391.0-Tumor-SM-7LGUD","Normal"
"PRAD-6115392.0-Tumor-SM-B2XRZ","Normal"
"PRAD-6115393.0-Tumor-SM-7LGUF","Tumor"
"PRAD-6115395.0-Tumor-SM-7LGUH","Normal"
"PRAD-6115396.0-Tumor-SM-7LGUI","Normal"
"PRAD-6115397.0-Tumor-SM-7LGUJ","Normal"
"PRAD-6115398.0-Tumor-SM-7LGUK","Normal"
"PRAD-6115399.0-Tumor-SM-7LGUL","Normal"
"PRAD-6115400.0-Tumor-SM-7LGUM","Normal"
"PRAD-6115400.0-Tumor-SM-7LGUN","Normal"
"PRAD-6115402.0-Tumor-SM-7LGUP","Normal"
"PRAD-6115427.0-Tumor-SM-B2XRT","Normal"
"PRAD-6115592.0-Tumor-SM-B2XRU","Normal"
"PRAD-6115593.0-Tumor-SM-B2XRV","Normal"
"PRAD-6115594.0-Tumor-SM-B2XRW","Normal"
"PRAD-6115595.0-Tumor-SM-B2XRY","Normal"
"PRAD-6115596.0-Tumor-SM-B2XS1","Normal"
"PRAD-6115598.0-Tumor-SM-B2XS3","Normal"
"PRAD-6115599.0-Tumor-SM-B2XS4","Normal"
"PRAD-6115600.0-Tumor-SM-B2XS6","Normal"
"PRAD-6115601.0-Tumor-SM-B2XS7","Normal"
"PRAD-6115603.0-Tumor-SM-B2XS8","Normal"
"PRAD-6115604.0-Tumor-SM-B2XS9","Normal"
"PRAD-6115605.0-Tumor-SM-B2XSA","Tumor"
"PM14-TM","Normal"
"PM2-TM","Normal"
"WCM91_Z1","Normal"
"PM90-TM","Normal"
"PM119-TM","Normal"
"PM155-TM","Tumor"
"PM139-TM","Normal"
"PM158-TM","Normal"
"PM159-TM","Normal"
"PM161-TM","Tumor"
"PM163-TM","Tumor"
"PM170-TM","Normal"
"PM172-TM","Normal"
"PM189-TM","Normal"
"WCM4_X1","Normal"
"WCM218_Z3","Normal"
"WCM210_Z2","Tumor"
"WCM209_Z2","Normal"
"WCM335_X1","Normal"
"WCM258_Z2","Normal"
"WCM252_Z3","Tumor"
"WCM89_X1","Normal"
"WCM393_Z3","Normal"
"WCM573_X1","Tumor"
"WCM665_X1","Tumor"
"WCM666_X1","Tumor"
